Ensamble,Piezas,,,
109317BT-RAW,109317BT-RAW,,,
109318B-01A-RAW,109318B-03P,,,
109318B-01A-RAW,109318B-04P,,,
109318DP-RAW,109318DP-RAW,,,
109318FRAW,109318FRAW,,,
109318GA-RAW,109318GA-RAW,,,
109426CF-RAW,109426CF-RAW,,,
109928K-RAW,109928K-RAW,,,
109928L-RAW,109928L-RAW,,,
110457E-RAW,110457E-RAW,,,
110457KA-RAW,110457KA-RAW,,,
110457KB-RAW,110457KB-RAW,,,
110457MA-RAW,110457MA-RAW,,,
110457MM-RAW,110457MM-RAW,,,
110559B-RAW,110559B-04P,,,
110993AA-RAW,110993AA-02P,,,
110993EA-RAW,110993AA-02P,,,
110993FR-RAW,110993FR-RAW,,,
110993JA-RAW,109318B-03P,,,
110993JA-RAW,109318B-04P,,,
110993LA-RAW,110993LA-RAW,,,
110993TN-RAW,110993TN-RAW,,,
110993XA-RAW,110993XA-RAW,,,
109318AB-01A-RAW,109318AB-01P,,,
109318AB-01A-RAW,109381AB-02P,,,
109318V-01A-RAW,109318V-02P,,,
109318V-02P-2RAW,109318V-02P-2RAW,,,
109426CF-RAW,109426CF-RAW,,,
110149AFB-RAW,110149AFB-RAW,,,
110149FZA-RAW,110149E-04P,,,
110149FZA-RAW,110149FZ-01P,,,
110149FZA-RAW,110149FZ-02P,,,
110457E-RAW,110457E-RAW,,,
110457KA-RAW,110457KA-RAW,,,
110457KB-RAW,110457KB-RAW,,,
110457MA-RAW,110457MA-RAW,,,
110457MM-RAW,110457MM-03P,,,
110806ADA-RAW,110806A-01P,,,
110806ADA-RAW,110806A-02P,,,
110806AJA-RAW,110149DK-03P-FLAT,,,
110806AJA-RAW,110149DK-04P,,,
110806AJA-RAW,110149DK-05P,,,
110806AJA-RAW,110806AJ-01P,,,
110806AZ-RAW,110806AZ-RAW,,,
110806E-RAW,110806E-01P,,,
110993AA-RAW,110993AA-02P,,,
110993EA-RAW,110993AA-02P,,,
110993FR-RAW,110993FR-RAW,,,
110993LA-RAW,110993LA-RAW,,,
110993TN-RAW,110993TN-RAW,,,
110993XA-RAW,110993XA-RAW,,,
110149AG-RAW,110149A-02P,,,
110149AG-RAW,110149A-03P,,,
110149ARA-RAW,110149A-02P,,,
110149BPC-RAW,110149BPC-RAW,,,
110149BT-RAW,110149BT-01P,,,
110149BZ-RAW,110149A-02P,,,
110149BZ-RAW,110149A-03P,,,
110149CYA-RAW,110149CY-01P,,,
110149CYA-RAW,110149CY-02P,,,
110149CZA-RAW,110149CY-01P,,,
110149CZA-RAW,110149CY-02P,,,
110149DWA-RAW,110149E-04P,,,
110149DWA-RAW,111049F-01P,,,
110149DWB-RAW,110149DWB-RAW,,,
110149DXA-RAW,110149DX-01P,,,
110149DXA-RAW,110149E-03P,,,
110149DXA-RAW,110149E-04P,,,
110149DYA-RAW,110149A-02P,,,
110149EU-RAW,110149EU-01P,,,
110149EU-RAW,110149EU-02P,,,
110149EV-RAW,110149EU-01P,,,
110149EV-RAW,110149EV-01P,,,
110149FH-RAW,110149FH-01P,,,
110149FJ-RAW,110149FJ-RAW,,,
110149R-RAW,110149R-01P,,,
110322BB-RAW,110322B-01P,,,
110831ALABLK,110831alablk,,,
110831BP-RAW,110831BP-05P,,,
110831BPL-RAW,110831BPL-05P,,,
110831HBLK,110831H-01P,,,
110831HBLK,110831H-02P,,,
110831JBLK,110831H-02P,,,
110831JBLK,110831J-02P,,,
110831KBLK,110831H-02P,,,
110831KBLK,110831K-01P,,,
110831LBBLK,110831LBBLK,,,
110831WBBLK,110831WBBLK,,,
110831ZCB-RAW,110831ZCB-RAW,,,
110831ZCC-RAW,110831ZCC-RAW,,,
110955DBLK,110955D-06P,,,
110955DBLK,110955B-03P,,,
110955EBLK,110955B-03P,,,
110955EBLK,110955E-02P,,,
110955EBLK,110955E-01P,,,
110955FBLK,110955B-03P,,,
110955FBLK,110955F-02P,,,
110955FBLK,110955F-01P,,,
110955GBLK,110955B-03P,,,
110955GBLK,110955G-02P,,,
110955GBLK,110955G-01P,,,
110955LABLK,110831L-04P,,,
110955LABLK,110831L-01P,,,
110955LABLK,110831L-03P,,,
110955LABLK,110955A-01P,,,
110955WABLK,110831W-04P,,,
110955WABLK,110831W-01P,,,
110955WABLK,110831W-03P,,,
110955WABLK,110955A-01P,,,
110955WABLK,110955W-02P,,,
SM48-1T,110831AA-02P,,,
SM48-1T,110831AC-01P,,,
SB48-12-RAW,SB48-12-07P,,,
110955DBLK,110831U-01P,,,
SM48-2T,110831AB-02P,,,
SM48-2T,110831AC-01P,,,
SM48-2T,110831AD-01P,,,
SS36-13,110955U-02P,,,
SS36-13,110955U-02P,,,
SS48-13-RAW,110831V-01P,,,
SS48-13-RAW,110955U-02P,,,
SS48-13-RAW,110955U-02P,,,
108988AA-06A-RAW,108988AA-33P,,,
108988AB-02A-RAW,108988AB-03P,,,
108988AB-02A-RAW,108988AB-01P,,,
108988AB-02A-RAW,108988B-07P,,,
108988AB-02A-RAW,35780,,,
108988AC-RAW,108988AC-31P,,,
108988AD-RAW,108988AC-31P,,,
108988AG-RAW,108988AC-31P,,,
108988AH-06A-RAW,108988AH-33P,,,
108988BM-RAW,108988AC-31P,,,
108988BP-RAW,108988BP-10P,,,
108988BY-RAW,108988BY-01P,,,
108988BY-RAW,108988BY-07P,,,
108988C-01A-RAW,35780,,,
108988C-01A-RAW,35788,,,
108988CD-24P-RAW,108988CD-26P,,,
108988CD-26P-RAW,108988CD-26P,,,
108988CH-01A-RAW,108988CH-01P,,,
108988CH-01A-RAW,108988CH-02P,,,
108988CH-03P-RAW,108988CH-03P,,,
108988CM-RAW,108988AC-31P,,,
108988CT-RAW,108988AC-31P,,,
108988D-04A-RAW,108988BH-10P,,,
108988D-04A-RAW,108988D-11P,,,
108988D-04A-RAW,108988D-52P,,,
108988D-04A-RAW,108988D-20P,,,
108988D-04A-RAW,108988D-51P,,,
108988D-04A-RAW,35788,,,
108988ET-RAW,108988AC-31P,,,
108988EU-RAW,108988AC-31P,,,
108988CL-RAW,108988AC-31P,,,
109256G-RAW,109256G-01P,,,
109318CR-RAW,109318CR-01P,,,
109318DM-RAW,109318DM-RAW,,,
109318DP-RAW,109318DP-RAW,,,
109426C-RAW,109426C-09P,,,
109426C-RAW,109426C-10P,,,
109426CDA-05P-RAW,109426CDA-05P-RAW,,,
109426CL-01P-RAW,109426CL-01P-RAW,,,
109426H-01A-RAW,109426H-13P,,,
109426J-01A-RAW,109426H-08P-2,,,
109426K-RAW,109426K-10P,,,
110457KA-RAW,110457KA-RAW,,,
110457KB-RAW,110457KB-01P,,,
110457MA-RAW,110457MA-RAW,,,
110457MM-RAW,110457MM-03P,,,
110993JA-RAW,109318B-03P,,,
110993JA-RAW,110993JA-RAW,,,
108918AR-RAW,108918AR-RAW,,,
109496JA-RAW,109496JA-RAW,,,
109791TA-RAW,109791TA-RAW,,,
110725CD-RAW,110725CD-RAW,,,
110725CY-RAW,110725CY-RAW,,,
110725EY-01A-RAW,109302-07P,,,
110725NE-RAW,110725NE-01P,,,
110725NE-RAW,110725NE-02P-FLAT,,,
110725NUD-RAW,110725NUD-01P,,,
110725NUE-RAW,110725NUE-01P,,,
110725PA-RAW,110725T-07P,,,
110725PB-RAW,110725U-01P,,,
110725RA-RAW,110725RA-RAW,,,
110725TL-RAW,109302-02P,,,
110725TN-RAW,109302-02P,,,
110785AJ,110785AJ-FLAT,,,
110785AK,110785AJ-FLAT,,,
110785AL,110785AL.01P-FLAT,,,
110785AM,110785AL.01P-FLAT,,,
110785CA,110785CA-07P,,,
110785CX,110785CX-01P,,,
110785CT,110785CT,,,
110785CZ,110785CZ-01P,,,
110785EAA,110785EA-02P,,,
110785EAD,110785EAD-12P,,,
110785EDG,110785EDF-01P,,,
110785ELC,110785ELC-01P,,,
110785ELJ,110785ELA-11P,,,
110785ELJ,110785ELA-15P,,,
110785ELJ,110785ELA-17P,,,
110785ELJ,110785ELA-18P,,,
110785ELK,110785EA-02P,,,
110785ELK,110785ELV,,,
110785EZD,110785EZD,,,
110785GGT,110785GG-01P,,,
110785GGT,110785GG-03P,,,
110785SK,110785SK-05P,,,
110785TA,110785TA-07P,,,
110785TLE,110785TLE,,,
110785UB,110785UB-02P,,,
110806AEA-RAW,110806A-01P,,,
110806AFA-RAW,110806A-01P,,,
110806AK-RAW,110806AL-01P-FLAT,,,
110806AL-RAW,110806AL-01P-FLAT,,,
110806AZ-RAW,110806AZ-RAW,,,
110993AA-RAW,110993AA-02P,,,
110993GA-RAW,110993AA-02P,,,
110993JA-RAW,109318B-03P,,,
110993JA-RAW,109318B-04P,,,
110993KA-RAW,110993KA-RAW,,,
110993TN-RAW,110993TN-RAW,,,
110993XA-RAW,110993XA-RAW,,,
110993YA-RAW,110993YA-RAW,,,
